distance_angstrom,nuclear_repulsion_hartree,sector_dimension,hf_total_hartree,fci_total_hartree,local_diag_total_hartree,fallback_vqe_total_hartree,diag_minus_fci_hartree,vqe_minus_fci_hartree,vqe_status
0.3,1.7639240364000002,6,-0.5938277585357272,-0.6018037107656871,-0.6018037107656862,-0.6018037107655978,8.881784197001252e-16,8.926193117986259e-14,ok
0.5,1.05835442184,6,-1.0429962745400945,-1.0551597944706248,-1.0551597944706244,-1.0551597944705626,4.440892098500626e-16,6.217248937900877e-14,ok
0.7,0.7559674441714287,6,-1.11734903499028,-1.136189454065923,-1.1361894540659225,-1.1361894540658786,4.440892098500626e-16,4.440892098500626e-14,ok
0.735,0.7199689944489797,6,-1.1169989967540044,-1.1373060357534004,-1.1373060357533995,-1.137306035753368,8.881784197001252e-16,3.241851231905457e-14,ok
1.0,0.52917721092,6,-1.0661086493179361,-1.1011503302326187,-1.101150330232619,-1.1011503302326187,-4.440892098500626e-16,0.0,ok
1.5,0.35278480728,6,-0.9108735545943865,-0.9981493534714099,-0.9981493534714101,-0.9981493534651547,-2.220446049250313e-16,6.255218565343057e-12,ok
2.0,0.26458860546,6,-0.7837926542773535,-0.9486411121761857,-0.948641112176186,-0.9486411121761844,-2.220446049250313e-16,1.3322676295501878e-15,ok
2.5,0.21167088436800002,6,-0.7029435997235269,-0.9360549199556059,-0.9360549199556061,-0.9360549199556054,-2.220446049250313e-16,4.440892098500626e-16,ok
